cause_output_accuracy,cause_output_loss,fault_output_accuracy,fault_output_loss,loss,val_cause_output_accuracy,val_cause_output_loss,val_fault_output_accuracy,val_fault_output_loss,val_loss,learning_rate
0.9424999952316284,0.16720035672187805,0.9528124928474426,0.11409498006105423,0.28129538893699646,1.0,5.1318027544766665e-05,1.0,0.0002926965244114399,0.0003356555534992367,0.0010000000474974513
0.9996874928474426,0.0015779254026710987,1.0,0.0008766857790760696,0.002454611239954829,1.0,6.157316875032848e-06,1.0,7.841830665711313e-05,8.173279638867825e-05,0.0010000000474974513
1.0,0.0006071964162401855,1.0,0.00043071608524769545,0.0010379125596955419,1.0,2.0677941847679904e-06,1.0,3.8711110391886905e-05,3.931781611754559e-05,0.0010000000474974513
1.0,0.00019808340584859252,1.0,0.0002873807679861784,0.0004854641738347709,1.0,7.38138794531551e-07,1.0,1.571699613123201e-05,1.5883730156929232e-05,0.0010000000474974513
1.0,0.00029728884692303836,1.0,0.00015057051496114582,0.00044785934733226895,1.0,2.6422941346027073e-07,1.0,9.184507689496968e-06,9.052425411937293e-06,0.0010000000474974513
1.0,0.0001271672226721421,1.0,0.00010445629595778883,0.00023162346042227,1.0,1.08033368917404e-07,1.0,6.145965926407371e-06,5.961832357570529e-06,0.0010000000474974513
1.0,0.000121567994938232,1.0,7.228273170767352e-05,0.00019385074847377837,1.0,4.7896580923634247e-08,1.0,4.458088824321749e-06,4.352246378402924e-06,0.0010000000474974513
1.0,5.9111804148415104e-05,1.0,9.226256952388212e-05,0.00015137439186219126,1.0,4.7896580923634247e-08,1.0,3.5110181215713965e-06,3.453101271588821e-06,0.0005000000237487257
1.0,6.177644536364824e-05,1.0,6.381070852512494e-05,0.00012558714661281556,1.0,3.5922436580904105e-08,1.0,2.5972892672143644e-06,2.543793470977107e-06,0.0005000000237487257
1.0,4.2483625293243676e-05,1.0,6.176081660669297e-05,0.00010424444189993665,1.0,3.166496398421259e-08,1.0,1.9549399894458475e-06,1.921035618579481e-06,0.0005000000237487257
1.0,5.350558421923779e-05,1.0,3.4905631764559075e-05,8.841121598379686e-05,1.0,2.3948292238173963e-08,1.0,1.6723885210012668e-06,1.6438555121567333e-06,0.0005000000237487257
1.0,0.00021005221060477197,1.0,3.908848884748295e-05,0.0002491407503839582,1.0,2.3682201089059163e-08,1.0,2.322102091056877e-06,2.219007001258433e-06,0.0005000000237487257
1.0,3.419457789277658e-05,1.0,4.476392496144399e-05,7.89585174061358e-05,1.0,1.1974146119086981e-08,1.0,1.9488518319121795e-06,1.8638384062796831e-06,0.0002500000118743628
1.0,0.00010410623508505523,1.0,3.5824519727611914e-05,0.00013993075117468834,1.0,1.1974146119086981e-08,1.0,1.7172086472783121e-06,1.650018930376973e-06,0.0002500000118743628
1.0,4.066572000738233e-05,1.0,9.440221037948504e-05,0.000135067937662825,1.0,1.1974146119086981e-08,1.0,1.4744588270332315e-06,1.4274619388743304e-06,0.0002500000118743628
1.0,5.0576931243995205e-05,1.0,2.532236248953268e-05,7.589931192342192e-05,1.0,1.1974146119086981e-08,1.0,1.373467966914177e-06,1.3353042049857322e-06,0.0002500000118743628
1.0,2.6147121388930827e-05,1.0,4.298534622648731e-05,6.913246033946052e-05,1.0,1.1974146119086981e-08,1.0,1.1956941534663201e-06,1.1656883316391031e-06,0.0002500000118743628
1.0,2.7536225388757885e-05,1.0,3.27215384459123e-05,6.02577711106278e-05,1.0,1.1974146119086981e-08,1.0,1.1247573183936765e-06,1.1000698805219145e-06,0.0001250000059371814
1.0,2.9956205253256485e-05,1.0,3.182576983817853e-05,6.178198236739263e-05,1.0,1.1974146119086981e-08,1.0,1.0333195632483694e-06,1.0158404393223464e-06,0.0001250000059371814
1.0,2.898448656196706e-05,1.0,2.6694890038925223e-05,5.567936386796646e-05,1.0,1.1974146119086981e-08,1.0,9.961167961591855e-07,9.827202802625834e-07,0.0001250000059371814
1.0,2.3142116333474405e-05,1.0,2.1494508473551832e-05,4.463662480702624e-05,1.0,1.1974146119086981e-08,1.0,9.519702075522218e-07,9.398453357789549e-07,0.0001250000059371814
1.0,3.205289249308407e-05,1.0,2.62048706645146e-05,5.825776679557748e-05,1.0,1.1974146119086981e-08,1.0,9.242431815437158e-07,9.137233405454026e-07,0.0001250000059371814
1.0,3.39946782332845e-05,1.0,3.726864088093862e-05,7.126331183826551e-05,1.0,1.1974146119086981e-08,1.0,8.953446695159073e-07,8.861651394909131e-07,6.25000029685907e-05
1.0,2.7327214411343448e-05,1.0,1.948355566128157e-05,4.681076461565681e-05,1.0,1.1974146119086981e-08,1.0,8.693953645888541e-07,8.609204655840585e-07,6.25000029685907e-05
1.0,5.196927668293938e-05,1.0,4.4990119931753725e-05,9.695938933873549e-05,1.0,1.1974146119086981e-08,1.0,8.448909625258239e-07,8.376550795219373e-07,6.25000029685907e-05
1.0,3.7490532122319564e-05,1.0,2.1487379854079336e-05,5.897790833842009e-05,1.0,1.1974146119086981e-08,1.0,8.398920954277855e-07,8.33757212603814e-07,6.25000029685907e-05
1.0,3.4079010220011696e-05,1.0,1.9352894014446065e-05,5.343190787243657e-05,1.0,1.1974146119086981e-08,1.0,8.188171705114655e-07,8.135710913848015e-07,6.25000029685907e-05
1.0,2.440182288410142e-05,1.0,2.3028986106510274e-05,4.74308108096011e-05,1.0,1.1974146119086981e-08,1.0,8.049286748246232e-07,7.999629474397807e-07,3.125000148429535e-05
1.0,2.0213839889038354e-05,1.0,2.6884323233389296e-05,4.709816494141705e-05,1.0,1.1974146119086981e-08,1.0,7.905274514996563e-07,7.85892041221814e-07,3.125000148429535e-05
1.0,7.780318264849484e-05,1.0,4.5196604332886636e-05,0.0001229998015332967,1.0,1.1974146119086981e-08,1.0,7.672214792364684e-07,7.635993597432389e-07,3.125000148429535e-05
1.0,4.533004175755195e-05,1.0,3.5009408748010173e-05,8.033945050556213e-05,1.0,1.1974146119086981e-08,1.0,7.486369213438593e-07,7.456273465322738e-07,3.125000148429535e-05
1.0,5.103684452478774e-05,1.0,1.9612087271525525e-05,7.064893725328147e-05,1.0,5.854027040896881e-09,1.0,7.405830615425657e-07,7.306142038032704e-07,3.125000148429535e-05
1.0,0.00016954887541942298,1.0,3.672713501146063e-05,0.00020627597405109555,1.0,0.0,1.0,7.35112678285077e-07,7.197331228780968e-07,1.5625000742147677e-05
1.0,2.1055333490949124e-05,1.0,2.462666634528432e-05,4.568200165522285e-05,1.0,0.0,1.0,7.306289262487553e-07,7.155056209739996e-07,1.5625000742147677e-05
1.0,3.2094118068926036e-05,1.0,2.7983824111288413e-05,6.0077934904256836e-05,1.0,0.0,1.0,7.243564823511406e-07,7.093734666341334e-07,1.5625000742147677e-05
1.0,2.29982197197387e-05,1.0,1.6515365132363513e-05,3.9513575757155195e-05,1.0,0.0,1.0,7.191301847342402e-07,7.043491336844454e-07,1.5625000742147677e-05
1.0,1.7982774807023816e-05,1.0,1.581400829309132e-05,3.379679037607275e-05,1.0,0.0,1.0,7.117147333701723e-07,6.97102166213881e-07,1.5625000742147677e-05
1.0,3.729805757757276e-05,1.0,3.0244475055951625e-05,6.754252535756677e-05,1.0,0.0,1.0,7.053457125039131e-07,6.909131684551539e-07,7.812500371073838e-06
1.0,3.6815021303482354e-05,1.0,1.562850593472831e-05,5.244350541033782e-05,1.0,0.0,1.0,7.019995109658339e-07,6.876961720081454e-07,7.812500371073838e-06
1.0,2.4189534087781794e-05,1.0,2.4715045583434403e-05,4.890457421424799e-05,1.0,0.0,1.0,6.996024239924736e-07,6.853549621155253e-07,7.812500371073838e-06
1.0,3.8296522689051926e-05,1.0,4.316968988860026e-05,8.146621257765219e-05,1.0,0.0,1.0,6.957251343919779e-07,6.816156314926047e-07,7.812500371073838e-06
1.0,4.5610689994646236e-05,1.0,2.660426798684057e-05,7.221494888653979e-05,1.0,0.0,1.0,6.920188866388344e-07,6.780389867344638e-07,7.812500371073838e-06
1.0,2.8309876142884605e-05,1.0,2.0393192244227976e-05,4.8703070206101984e-05,1.0,0.0,1.0,6.894566695336835e-07,6.754754622306791e-07,3.906250185536919e-06
1.0,2.7956599296885543e-05,1.0,4.15850336139556e-05,6.954163109185174e-05,1.0,0.0,1.0,6.877818350403686e-07,6.738213187418296e-07,3.906250185536919e-06
1.0,2.985651917697396e-05,1.0,1.8115468265023082e-05,4.797198198502883e-05,1.0,0.0,1.0,6.864380566184991e-07,6.725505272697774e-07,3.906250185536919e-06
1.0,7.282204751390964e-05,1.0,1.6497364413226023e-05,8.931939373724163e-05,1.0,0.0,1.0,6.842183779554034e-07,6.704431712023506e-07,3.906250185536919e-06
1.0,6.445406324928626e-05,1.0,2.8072807253920473e-05,9.25268541323021e-05,1.0,0.0,1.0,6.818896736149327e-07,6.681649438178283e-07,3.906250185536919e-06
1.0,3.771447518374771e-05,1.0,2.3967579181771725e-05,6.168205436551943e-05,1.0,0.0,1.0,6.810215609220904e-07,6.673311077065591e-07,1.9531250927684596e-06
1.0,2.8693284548353404e-05,1.0,3.14611716021318e-05,6.0154452512506396e-05,1.0,0.0,1.0,6.790832003389369e-07,6.655419042544963e-07,1.9531250927684596e-06
1.0,2.400649100309238e-05,1.0,3.8659462006762624e-05,6.2665953009855e-05,1.0,0.0,1.0,6.769495826119964e-07,6.634436431340873e-07,1.9531250927684596e-06
